Algorithm_Name,FirstChoiceAccuracy,TopTwoAccuracy
NaiveBayes,0.6948161821258267,0.8071835102291955
knnResult,0.7341947392708814,0.8381787417320412
EnsembleResult,0.7454237809567759,0.8587909552376557
